tags,input
"PHP, JavaScript, Drupal, Node.js",I need help to develop a new website
"PHP, JavaScript, Drupal, Node.js",I want to build a website
"Plumbing, Faucet Repair, Leak",My sink is clogged and needs fixing
"Electrical Wiring, New Construction, Electrician",Need help with wiring in my new home
"Power Outage, Electrical Emergency, Electrician","Power outage in the house, urgent assistance needed"
"Tax Planning, Business Finance, CA",Looking for tax planning advice for my business
"Auditing, Corporate Finance, CA",Need assistance with auditing for my company
"Bookkeeping, Small Business, Accounting",Help with bookkeeping for small business
"Financial Statements, Tax Filing, Accounting",Financial statement preparation for tax filing
"Graphic Design, Logo Design, Designer",Looking for a graphic designer to create a logo
"UI/UX Design, Mobile App Design, Designer",Need a UI/UX designer for my mobile app
"PHP, JavaScript, Drupal, Node.js",I need help to develop a new website
"PHP, JavaScript, Drupal, Node.js",I want to build a website
"Plumbing, Clogged Sink, Pipe Repair",My sink is clogged and needs fixing
"Electrical Wiring, New Construction, Electrician",Need help with wiring in my new hom
"Power Outage, Electrical Emergency, Electrician","Power outage in the house, urgent assistance needed"
"Tax Planning, Business Finance, CA",Looking for tax planning advice for my business
"Auditing, Corporate Finance, CA",Need assistance with auditing for my company
"UI/UX Design, Mobile App Design, Designer",Help with bookkeeping for small business
"Graphic Design, Logo Design, Designer",Financial statement preparation for tax filing
"Financial Statements, Tax Filing, Accounting",Looking for a graphic designer to create a logo
"Bookkeeping, Small Business, Accounting",Need a UI/UX designer for my mobile app
"Web Optimization, PHP, JavaScript",E-commerce website development with payment integration
"PHP, JavaScript, WooCommerce, Payment Gateway",E-commerce website development with payment integration
"Pipe Replacement, Basement Plumbing",Installing new plumbing fixtures in the kitchen
"Plumbing Fixtures, Installation, Kitchen Plumbing",Pipe replacement in the basement due to corrosio
"Electrical Outlets, Wiring, Living Room",Adding new electrical outlets in the living room
"Emergency Repair, Lightning Strike, Electrician",Emergency electrical repair after a lightning strike
"Regulatory Compliance, Filings, CA",Advice on international tax implications for expanding business
"International Tax, Business Expansion, CA",Assistance with regulatory compliance and filing
"Financial Reports, Accounting, Monthly Review",Preparing monthly financial reports for management review
"Tax Return, Individual Clients, Accounting",Tax return preparation for individual clients
"Responsive Design, Website Layout, Designer",Designing a responsive website layout for a client
"Promotional Materials, Product Launch, Designer",Creating promotional materials for a product launch event
"PHP, JavaScript, Drupal, Node.js",I need help to develop a new website
"PHP, JavaScript, Drupal, Node.js",I want to build a website
"PHP, JavaScript, WooCommerce, Payment Gateway",E-commerce website development with payment gateway integration
"PHP, JavaScript, HTML, CSS, Portfoli",Creating a portfolio website for a photographer
"PHP, JavaScript, CMS, Blog",Building a blog with content management system (CMS)
"PHP, JavaScript, Custom Features, Website Enhancement",Implementing custom features for an existing website
"PHP, JavaScript, HTML, CSS, Responsive Design",Responsive design for a mobile-friendly website
"Node.js, JavaScript, Web Application",Web application development using Node.js
"PHP, JavaScript, Bug Fixing, Performance Optimization",Fixing bugs and optimizing performance of a web application
"PHP, JavaScript, Bug Fixing, Performance Optimization",Integrating social media sharing features into a website
"Node.js, JavaScript, Socket.io, Real-time Chat",Developing a real-time chat application using Socket.io
Migrating a website from Drupal to WordPress,Migrating a website from Drupal to WordPress
"PHP, JavaScript, Drupal to WordPress Migration",Migrating a website from Drupal to WordPress
"PHP, JavaScript, WordPress, Theme Development",Creating a custom WordPress theme for a client
"PHP, JavaScript, Subscription System, Membershi",Implementing a subscription-based membership system
"PHP, JavaScript, Magento, E-commerce",Designing and developing an online store with Magento
"PHP, JavaScript, HTML, CSS, Landing Page, Lead Captu",Building a landing page with lead capture forms
"PHP, JavaScript, Security, SSL, Encryption",Optimizing website security with SSL and encryption
"PHP, JavaScript, CMS, Custom System",Creating a custom content management system for a niche industry
"PHP, JavaScript, API Integration, Third-party APIs",Integrating third-party APIs for enhanced functionality
"JavaScript, PWA, Progressive Web App, Offline Access",Developing a progressive web app (PWA) for offline access
"PHP, JavaScript, SSO, Single Sign-On",Implementing single sign-on (SSO) for a web application
"PHP, JavaScript, Forum, Content Filtering",Developing a custom content filtering system for a forum
"PHP, JavaScript, Geolocation, Location-based Services",Integrating geolocation features into a website for location-based services
"PHP, JavaScript, Data Visualization, Dashboard",Creating a dynamic dashboard for data visualization
"PHP, JavaScript, Event Management, Online Registration",Building an event management system with online registration
"PHP, JavaScript, Search Engine, Custom",Implementing a custom search engine for a large dataset
"PHP, JavaScript, HTML, CSS, Mobile App, Landing Page",Designing and developing a mobile app landing pag
"PHP, JavaScript, Blog, Social Media Sharing, Corporate Website",Integrating a blog section with social media sharing for a corporate website
"PHP, JavaScript, Portfolio Gallery, Interactive",Creating an interactive portfolio gallery with filtering options
"PHP, JavaScript, Portfolio Gallery, Interactive",Developing a custom booking system for a service-oriented website
"PHP, JavaScript, Lazy Loading, Page Speed",Implementing lazy loading for images to enhance page load speed
"PHP, JavaScript, Admin Panel, Website Management",Creating a custom admin panel for website management
"PHP, JavaScript, HTML, CSS, Video Background, Modern Design",Integrating a video background for a modern website design
"PHP, JavaScript, Subscription Box, Payment Processin",Implementing a subscription box with payment processing
"PHP, JavaScript, Accessibility, ARIA Roles",Enhancing website accessibility with ARIA roles and attributes
"PHP, JavaScript, Blog Engine, Custom Features",Creating a custom blog engine with advanced features
"PHP, JavaScript, CDN, Content Delivery Network, Global Performance",Integrating a content delivery network (CDN) for global performance
"PHP, JavaScript, Error Handling, User Experience",Developing a custom error handling system for improved user experience
"PHP, JavaScript, 2FA, Two-Factor Authentication, Security",Implementing two-factor authentication (2FA) for enhanced security
"PHP, JavaScript, Chatbot, Customer Support",Developing a custom chatbot for customer support
"PHP, JavaScript, Payment Gateway, Multi-currency Support",Integrating a payment gateway with multiple currency support
"PHP, JavaScript, Real-time Notifications, User Engagement",Implementing real-time notifications for user engagement
"PHP, JavaScript, Blog Commenting, Custom System, Moderation",Creating a custom blog commenting system with moderation
"PHP, JavaScript, Collaborative Editing, Document Editing, Tools",Building a collaborative document editing feature using collaborative tools
"PHP, JavaScript, Social Login, User Authentication",Integrating social login options for seamless user authentication
"PHP, JavaScript, Custom Search, Filters",Developing a custom search functionality with filters
"PHP, JavaScript, Dark Mode, User Experience",Implementing a dark mode feature for improved user experience
"PHP, JavaScript, Testimonial Section, User Feedback",Creating a dynamic testimonial section for user feedback
"PHP, JavaScript, Analytics Dashboard, Website Statistics",Developing a custom analytics dashboard for website statistic
"PHP, JavaScript, Project Management, Task Tracking, Collaboration",Building a collaborative project management tool with task tracking
"PHP, JavaScript, Live Chat, Customer Support, Real-time",Integrating a live chat support system for real-time customer assistance
"PHP, JavaScript, Quiz Platform, Interactive, Education",Developing an interactive quiz platform for educational purposes
"PHP, JavaScript, Newsletter, Subscription, Email Marketing",Implementing a subscription-based newsletter system with email marketing
"PHP, JavaScript, Event Calendar, RSVP, Custom",Creating a custom event calendar with RSVP functionality
"JavaScript, Node.js, Maps Integration, Location-based Service, Mobile App",Building a location-based service app with maps integration
"PHP, JavaScript, Video Conferencing, Remote Collaboration",Integrating video conferencing features for remote collaboration
"PHP, JavaScript, Online Learning, Course Management",Developing an online learning platform with course management
"PHP, JavaScript, OAuth, User Authentication, Custom System",Implementing a custom user authentication system with Oauth
"PHP, JavaScript, Recommendation Engine, Personalization",Creating a dynamic content recommendation engine for personalized user experience
"PHP, JavaScript, UI Design, User Interface, Web App",Designing and implementing a custom user interface for a web ap
"PHP, JavaScript, Admin Dashboard, Responsive Design, Data Visualization",Developing a responsive admin dashboard with data visualization
"PHP, JavaScript, Social Media Feed, Content Sharing, Website Integration",Integrating a social media feed into a website for content sharing
"PHP, JavaScript, E-learning, Video Lectures, Quizzes",Building an e-learning platform with video lectures and quizzes
"PHP, JavaScript, Client Portal, File Sharing, Communication",Implementing a client portal for secure file sharing and communication
"PHP, JavaScript, Product Catalog, Search, Filtering",Creating a dynamic product catalog with search and filtering options
"PHP, JavaScript, Booking Calendar, Appointment Scheduling, Custom",Developing a custom booking calendar for appointment scheduling
"PHP, JavaScript, Weather Widget, Real-time Updates, Website Integration",Integrating a weather widget for real-time weather updates on a website
"JavaScript, Maps, Interactive Map, Geographical Data",Building an interactive map for showcasing geographical data
"PHP, JavaScript, Live Streaming, Entertainment Platform",Implementing a live streaming feature for an entertainment platform
"Plumbing, Leak Repair, Kitchen",Fixing a leaky pipe in the kitchen
"Plumbing, Fixture Installation, Bathroom",Installing new plumbing fixtures in the bathroom
"Plumbing, Drain Unclogging, Utility Room",Unclogging a blocked drain in the utility room
"Plumbing, Pipe Replacement, Basement",Replacing old and corroded pipes in the basement
"Plumbing, Water Filtration, Drinking Water",Installing a water filtration system for clean drinking water
"Plumbing, Toilet Repair, Flushing",Fixing a broken toilet and restoring proper flushing
"Plumbing, Water Heater Repair, Garage",Repairing a malfunctioning water heater in the garage
"Plumbing, System Upgrade, Water Pressure",Upgrading the plumbing system for better water pressure
"Plumbing, Sump Pump Installation, Basement Flood Prevention",Installing a sump pump to prevent basement flooding
"Plumbing, Burst Pipe, Emergency Repair, Winter",Fixing a burst pipe emergency during winter
"Plumbing, Water Softener, Hard Water",Installing a new water softener system for hard water issues
"Plumbing, Sewer Line Blockage, Drainage",Clearing a blocked sewer line causing drainage problems
"Plumbing, Fixture Upgrade, Water Efficiency",Repairing a leaking outdoor faucet in the garden
"Plumbing, Gas Line Installation, Kitchen Appliance",Upgrading plumbing fixtures to improve water efficiency
"Plumbing, Pressure Regulator Repair, Utility Room",Installing a gas line for a new kitchen appliance
"Plumbing, Pipe Replacement, Bathroom",Fixing a faulty water pressure regulator in the utility room
"Plumbing, Backflow Prevention, Safety",Replacing old and rusty pipes in the bathroom
"Plumbing, Showerhead Repair, Master Bathroom",Installing a backflow prevention system for safety compliance
"Plumbing, Root Removal, Sewer Line Blockage",Repairing a leaking showerhead in the master bathroom
"Plumbing, Water Hammer Repair, Plumbing System",Clearing tree roots from the sewer line causing blockages
"Plumbing, Water Hammer Repair, Plumbing System",Fixing a water hammer issue in the plumbing system
"Plumbing, Emergency Valve Installation, Water Control",Installing an emergency shut-off valve for quick water control
"Plumbing, Burst Pipe Repair, Garage, Freezing Temperatures",Repairing a burst pipe in the garage during freezing temperatur
"Plumbing, Tankless Water Heater, Energy Efficiency",Installing a tankless water heater for energy-efficient hot water supply
"Plumbing, Running Toilet Repair, Water Conservation",Fixing a running toilet to prevent water wastage
"Plumbing, Bathtub Installation, Drainage",Installing a new bathtub and ensuring proper drainage
"Plumbing, Water Main Repair, Property Damage Prevention",Repairing a leaking water main to prevent property damage
"Plumbing, Kitchen Renovation, Plumbing Upgrade",Upgrading the plumbing for a kitchen renovation project
"Plumbing, Water Recirculation, Instant Hot Water",Installing a water recirculation system for instant hot water
"Plumbing, Noisy Water Heater Repair, Functionality",Fixing a noisy water heater to improve functionality
"Plumbing, Sewage Ejector Pump, Basement Flood Prevention",Fixing a leaking water pipe in the crawl space
"Plumbing, Pipe Leak Repair, Crawl Space",Upgrading the plumbing system for a multi-story building
"Plumbing, System Upgrade, Multi-story Building",Installing a water filtration system for better water quality
"Plumbing, Water Filtration, Water Quality",Repairing a faulty water shut-off valve under the kitchen sin
"Plumbing, Shut-off Valve Repair, Kitchen Sink",Clearing a blocked bathtub drain with specialized equipment
"Plumbing, Bathtub Drain, Drain Clearance",Fixing a water leak in the main supply line to the house
"Plumbing, Leak Repair, Main Supply Line",Installing a gas line for an outdoor barbecue grill
"Plumbing, Gas Line Installation, Barbecue Grill",Repairing a damaged sewer line caused by tree roots intrusion
"Plumbing, Sewer Line Repair, Tree Roots",Replacing corroded galvanized pipes with modern materials
"Plumbing, Pipe Replacement, Galvanized Pipes",Installing a water softener and conditioner for hard water issues
"Plumbing, Water Softener, Water Conditioner, Hard Water",Fixing a burst pipe in the attic during extreme weather conditions
"Plumbing, Burst Pipe Repair, Attic, Extreme Weather",Upgrading bathroom plumbing fixtures for a more modern look
"Plumbing, Fixture Upgrade, Bathroom, Modern Design",Installing a sump pump with a battery backup for storm preparedness
"Plumbing, Sump Pump Installation, Battery Backup, Storm Preparedness",Fixing a faulty pressure reducing valve to regulate water pressure
"Plumbing, Pressure Reducing Valve Repair, Water Pressure Regulation",Clearing a blocked kitchen sink drain with environmentally friendly methods
"Plumbing, Kitchen Sink Drain, Eco-friendly, Drain Clearance",Installing a point-of-use water heater for hot water on demand
"Plumbing, Water Heater Installation, Point-of-use, Hot Water on Demand",Repairing a leaking outdoor hose bib to conserve water
"Plumbing, Hose Bib Repair, Water Conservation",Upgrading plumbing for a home renovation project with energy-efficient solutions
"Plumbing, Kitchen Sink Drain, Eco-friendly, Drain Clearance","Plumbing, Toilet Installation, Dual-flush, Water Conservation"
"Plumbing, Water Heater Installation, Point-of-use, Hot Water on Demand",Fixing a leaking outdoor sprinkler system for garden irrigation
"Plumbing, Hose Bib Repair, Water Conservation",Clearing a blocked laundry room drain to prevent flooding
"Plumbing, Kitchen Sink Drain, Eco-friendly, Drain Clearance",Installing a water leak detection system for early problem identification
"Plumbing, Kitchen Sink Drain, Eco-friendly, Drain Clearance",Repairing a malfunctioning garbage disposal unit in the kitchen sink
"Plumbing, Kitchen Sink Drain, Eco-friendly, Drain Clearance",Upgrading outdoor plumbing for a new swimming pool installation
"Plumbing, Fixture Upgrade, Bathroom, Modern Design",Installing a gas line for a new outdoor fire pit
"Plumbing, Sump Pump Installation, Battery Backup, Storm Preparedness",Fixing a running bathtub faucet to conserve water
"Plumbing, Pressure Reducing Valve Repair, Water Pressure Regulation",Clearing a blocked bathroom sink drain with non-toxic solutions
"Plumbing, Kitchen Sink Drain, Eco-friendly, Drain Clearance",Installing a water heater timer for energy-efficient hot water usage
"Plumbing, Water Heater Installation, Point-of-use, Hot Water on Demand",Repairing a dripping showerhead to save water and prevent stains
"Plumbing, Hose Bib Repair, Water Conservation",Upgrading plumbing for a smart home with IoT-connected fixtures
"Plumbing, Toilet Installation, Dual-flush, Water Conservation",Installing a water recirculation pump for instant hot water in the bathroom
"Plumbing, Water Softener, Water Conditioner, Hard Water",Fixing a broken outdoor hose bib to prevent water wastage
"Plumbing, Burst Pipe Repair, Attic, Extreme Weather",Clearing a blocked sewer line with hydro-jetting technology
"Plumbing, Fixture Upgrade, Bathroom, Modern Design",Installing a backwater valve for basement flood prevention
"Plumbing, Sump Pump Installation, Battery Backup, Storm Preparedness",Repairing a leaky bathtub drain to prevent water damag
"Plumbing, Pressure Reducing Valve Repair, Water Pressure Regulation",Installing a water heater timer for energy-efficient hot water usage
"Plumbing, Kitchen Sink Drain, Eco-friendly, Drain Clearance",Clearing a blocked bathroom sink drain with non-toxic solutions
"Plumbing, Water Heater Installation, Point-of-use, Hot Water on Demand",Fixing a running bathtub faucet to conserve water
"Plumbing, Hose Bib Repair, Water Conservation",Installing a gas line for a new outdoor fire pit
"Plumbing, Toilet Installation, Dual-flush, Water Conservation",Upgrading outdoor plumbing for a new swimming pool installation
"Plumbing, Toilet Drain Blockage, Plumbing Snake, Drain Clearance",Repairing a malfunctioning garbage disposal unit in the kitchen sink
"Electrician, Outlet Installation, Living Room",Installing new electrical outlets in the living room
"Electrician, Wiring Repair, Kitchen",Repairing faulty wiring in the kitchen
"Electrician, Ceiling Fan Installation, Bedroom",Installing a ceiling fan with light in the bedroom
"Electrician, Electrical Panel Upgrade, Capacity",Upgrading the electrical panel for increased capacity
"Electrician, Outdoor Lighting, Backyard",Installing outdoor lighting for the backyard
"Electrician, Power Outage Repair, Entire House",Fixing a power outage issue in the entire house
"Electrician, Smart Home Automation, Lighting Control",Installing smart home automation for lighting control
"Electrician, Wiring Installation, Home Office",Adding electrical wiring for a new home office
"Electrician, Circuit Breaker Repair, Basement",Repairing a malfunctioning circuit breaker in the basement
"Electrician, Generator Installation, Emergency Power",Installing a backup generator for emergency power supply
"Design, Photoshop, Illustrator",I'm looking for assistance with graphic design
"Tech Support, Windows, Troubleshooting",I'm having issues with my computer's performanc
"Entrepreneurship, Business Planning",I need advice on starting a small business
"Machine Learning, AI, Python",Help me understand machine learning concepts
"Programming, Python, Java, C++",I want to learn a new programming language
"Writing, Creativity, Storytelling",Looking for ideas for a creative writing project
"Mobile App, Android, iOS, Development",Experiencing issues with my mobile app development
"Books, Sci-Fi, Reading",Seeking recommendations for good sci-fi books
"Travel, Road Trip, Planning","Planning a road trip, need travel advice"
"Photography, Camera, Editing",Want to improve my photography skill
"Education, Online Learning, Courses",Exploring opportunities for online learning
"Cooking, Vegetarian, Recipes",Looking for healthy recipes for a vegetarian diet
"Home Office, Remote Work, Productivity",Need guidance on setting up a home office
"Fitness, Exercise, Health",Interested in fitness tips for beginners
"IT, Career, Job Advice",Searching for career advice in IT industry
"Home Improvement, DIY, Renovation",Planning a DIY home improvement project
"Time Management, Productivity",Looking for tips on time management
"Meditation, Mindfulness",Want to explore meditation techniques
"Travel, Budget, Destinations",Searching for budget-friendly travel destinations
"Pets, Adoption, Pet Care",I need advice on adopting a pet
"Sustainability, Green Living","Interested in learning about sustainable living"""
"Remote Work, Productivity, Tools",Planning a fitness routine for weight loss
"Podcasts, Technology",Need recommendations for podcasts on technolog
"Cooking, Vegetarian, Meal Prep",Exploring vegetarian meal prep ideas
"Programming, Coding, Exercises",Looking for beginner-friendly coding exercises
"Communication, Interpersonal Skills",Want advice on improving interpersonal skills
"Fitness, Workout, Exercise",I need help with creating a workout plan
"Healthy Snacks, Recipes",Searching for healthy snack recipes
"Space, Astronomy, Exploration",Interested in learning about space exploration
"Job Interviews, Career Advice",Looking for tips on effective job interviews
"Movies, Sci-Fi, Recommendations",Need recommendations for science fiction movies
"Volunteering, Community Service",Exploring opportunities for volunteering
"Volunteering, Community Service",Seeking advice on maintaining work-life balance
"Podcasting, Content Creation","Want to start a podcast, need guidance"
"Cybersecurity, IT, Security",I'm interested in learning about cybersecurity
"Books, Philosophy, Readin",Looking for book recommendations on philosophy
"Social Media, Strategy, Marketing",Need advice on creating a social media strategy
"Mindfulness, Meditation",Want to explore mindfulness meditation techniques
"Gardening, DIY, Tips","I'm planning a DIY gardening project, any tips?"
"Healthy Desserts, Recipes",Looking for healthy dessert recipes
"Music, Classical, Recommendations",Need recommendations for classical music pieces
"Volunteering, Community Service",I want to learn more about data science
"Presentation Skills, Communication",Seeking advice on improving presentation skills
"Home Decor, Eco-Friendly, Ideas",Interested in eco-friendly home decor ideas
"Yoga, Exercise, Beginners",I'm looking for beginner-friendly yoga routines
"Productivity, Morning Routine, Tips",Need tips on creating a productive morning routine
"Hiking, Outdoors, Trails",I want to explore hiking trails in my area
"Sleep, Health, Tips",Seeking advice on improving sleep quality
"Graphic Design, Online Courses",Looking for online courses in graphic design
"Camping, Outdoors, Packing Tips","I'm planning a camping trip, need packing tips"
"Podcasts, Science, Recommendations",Need recommendations for science podcasts
"Fashion, Sustainability, Clothing",I want to learn about sustainable fashion
"Fitness, Workout, Schedule",Seeking advice on creating a workout schedule
"Vegetarian, Restaurants, Dining",Interested in exploring vegetarian restaurants
"Renewable Energy, Sustainability",I'm interested in learning about renewable energy sources
"Social Media, Content Creation, Tips",Looking for tips on creating engaging social media content
"Blogging, Writing, Tips","I want to start a blog, any advice for beginners"
"Documentaries, History, Recommendations",Seeking recommendations for documentaries on history
"Home Decor, DIY, Projects",I'm planning a DIY home decor project
"Fitness, Motivation, Exercise",Need tips on staying motivated during workouts
"Mindfulness, Meditation, Practices",I want to learn about mindfulness practices
"Cooking, Vegetarian, Recipes",Looking for budget-friendly vegetarian recipes
"Physics, Quantum, Science",I'm interested in learning about quantum physics
"Study, Exams, Routine",Seeking advice on creating a study routine for exams