PK|]BXl9..mimetypeapplication/vnd.oasis.opendocument.spreadsheetPK|]BXConfigurations2/toolbar/PK|]BXConfigurations2/floater/PK|]BXConfigurations2/menubar/PK|]BXConfigurations2/popupmenu/PK|]BXConfigurations2/accelerator/PK|]BXConfigurations2/toolpanel/PK|]BXConfigurations2/progressbar/PK|]BXConfigurations2/statusbar/PK|]BXConfigurations2/images/Bitmaps/PK|]BXmanifest.rdf͓n0<e@/r(ʹj5X/޾VQF3ߎaȋT4c)%Hh+:.:ض+j*wn*9_-7lϳ(x<O"8qHƴ	Bi|9	fWQt렐y =:
aR @	LʄtNK3Q9`Ӄ<`+ވ^཰\|hzczu#`2O;y.⯴vDl@ΣgUGPKhPK|]BXmeta.xmlSM0W w`0_ER=mJJE~K:vd%n83o<Cs9FP(͍ۡxه<=ITޟ@FvBb<C2䉱&iַ#ZxzitT'psjΠW¥a(r˶-+U+[XcP0w8K2r1W4ŜwQ๾C݅NYYs=`$%Eg%-sZyA|FpNZ,eu]m"fWҏކ^۾d[8V^ہQl,{G_Cr\%ER'ArU"q}1YL^_KܷG17rPj4]PsV<E5[PKKPK|]BX
styles.xmlZmo6_!S(i{]CmZd(HQޫ8S1|xۄ9["$;9]i_{]˯.yр,Bl*O;F©\dHh؈trȅ
<#i!h,̰y{ L]kBl7;"F )rP^ciձ6+P/I*	ލբ@lU\d{oDNxO @k5ouFU(<VXcb:еJX?TЈV2/=X5<i43fD"M&e";a-%'U9ʟ98,f>D\x7igfDP݅[44bЅ4%%vJDz4UDlQTˏ"j|pU:$+"Fbߪ6ps7@ujP!	bYhM'X{N}d,[Af%3Ozjwᑭ.xױWө,VΈêx!	\^1/Y[v徢@Y-0?6g\歮SS,<iQ@0XPu48QnirG|i/ȿͰY"ɃkdSL?_I.}k]٬C}bfEH"avYh9cnϰ` BQش]-<B*Nr4HT[S
_0C/IMCӤ`o7nSN;`q]XEzmg
ֵ5m/z0,/.|,ȱO	Mb\Hc$ԡK{=nF~_	ǝa̦Ka77/&F~LU=z
+fVga%
 ~꿟.@gy539}\w~a紐޿k9H1䫔hX轥W+Q1O1VSBsVOk"ԛr{8GrFCɅgJg
 \~,cg(;#?1]s+`~FR`L@v4QgԡUXm*Ãt[ 05>}ٳxC6JST؉o)I	<K4#		UEzNIBpq9&֑y=qGwkĐ<0Xĉr屧ai;}TfNM[h^yCégb~mըy5.'^QҁoTY2q;@:9	^CcS}5߼[mO=jms+4XH¢+P//QE֔[xabԊMG-LJed8̿PBc럒
&T+OZ~FsH,U3mԚ.u1//W:2W	Kl-YFuka&kinԾmv~CUZ&jZ<~73N[OĔ}_&OQŪ!kMVXT77,At{yB9/̻4+=^nj9W#"~PKJqp'PK|]BXsettings.xmlZs8~"w\IrIz7a/H2'ِI\%b3ؖ]+s~I_;Ӗsǀŵ0m\8{]|N}pjHPJ'z:|NXp$*nrORm6$9MNQ,ft7̳tp:ofϣӫ}۾e8]v߻ھKA&6'ص]vW9E^y)FD!鵮߃	xseԲm]~0bYzݹ@#$QARLMeHR	g~4S%jAA,$1Jt]#S^#SHjCrE1DqA(ByQY}_%T[r`'er n
CA0,LY5诈TiHXGU5
dF_ޭ-1Cмtbzp_)ս..,)5'L+r{*{#frÔlaVrQZ5/Z`B7zz0Gc+Lg7d(
u:5,Ԟ!`2fȊTHX@$xpLzk12~fjR:dw$HyRa u\,L@jr6ZI+]8ދg]QY~MWN_Smt)"o,mg_<@&bcshnucARC}I	ofp3m$?QլGx(jn2YVPq`F$to('b4#;RvKяTfZxI0yZ-,r?V8 ̏Q$:p;xde8WK*Y_!/[1@
% D_[2i2sOQ)X~_vnH}҆[o<'<b1UL
>Na([eC)܊ۯ˞&>]Ul@9j~Y3޿PKx.H PK|]BXNm):):Thumbnails/thumbnail.pngPNG

IHDRBVPLTE/*(*0>3/.:2-23:>538885;E:CM;GWB4+G>:@>BOD7LC=SE9fQ?IGJ@GRDNWKLSMNXLQYUKJQNR[QLRQSSS[SYVR[Y[USZVZ^XU[X[JVdN_qX[dV`l\`e\ak[fuaSFbTMiUCm\LbVRcZTb\Zj\Ri[Yp]Jr^Ta^aja[vg[dbccdjehmkdcifimhekjl`frdjsdlykmsjnyfp}nprlq{tkfpnqspn}pe|rmutv]o_qjvk|szs}ozxv|}lYp^ndvj|t}k~sv}u{ow{}ƧȨѱ²ʺ̬չɶؾ۹­Ʋ¯óµŸɶɷ͹ʻû¾ɾѽºȷн͹ѽ6IDATxtWٻ7=3dۡqbf޼=qb!c''il+tlɒ+8al#h2a`ll$[-IHvS9{K{g9pTu̷nս~߁;}_`Og/6gV󗧋Wυڿ6ϯigDr/iԯNM}[ՎǜăZBty?ꗾW|jATZbvC$#a駘c?gŢGc]ɤ~Neq{~ׇ)vi<ƚH3fBW_
yy?(Պ'Zԣ&SIK)rf{kTIޮYAPE_}'wU+2:H|Q1و輰Xy\Ɓ->UB#Zg|[BiK;7r2><F*=^,К1ŠB",tUAzRۨSrn4ۦj䛑h%W@TW꽪fzV^wU	gwklIyk!}ϊҔYO3Jܑ?\?jwEF[!3ѷ~egr`.^X=yEmߍruiE?ˀzZ1?9zOG#'+#ˀ}OϾ4ggaC;99	&6wUyvX3As<
K2	w_{[ws5^&UpS׾hMe_e?[tϭkNsX!S(v|~>/柿?IQ+Y^tG ZI+|v*?ˍp-b%=OmZ5L=&0DGsό/qOgq[gӼ>]gb!5ᯐZ$ć3߰q"_~k3۸ul?(5ՋubBg跇eߧe淸x6aPK0sqX$^e
R	Kcq~}Qu~&
<!,p켰spFtl%?%ZiY_j' HTIF]Mg;YbMK8xyǁ-JB;/thNT[H=xQ?	FբO˪O0. B/}K겦`\c:+~U'DkbuF@WZ©x_s\5:<L5qdtgkBpYoթDd{wWKs-{맂_}!=|+F#~;q`esےQ Dt󙫨eۻ`A&)3Gz"[_XjJ}ny{$tOoOb%M2]Ft`U':\i̝ϰp]Lk'D)_ʹQ_Fh.-Y#n0W}:&;nazLq@Ē_TlB%^jT<%NuU~\|$Ҩ%7k_;Wf(#,9:\pF!(ɘകAUo|&߈Bj[$cg;:k&I2H1B]_	dᭊvswuVtFwZʸUY(L&8@ T6ypC;*6	ÿ/VзQaj9c҈ԘB,t>1s1t$o3ɣ!1g9;pM|@cRjNmC@Mb}G>v*S2vF;f_;?3 GO4|Cu7M}sN]4ڪvr6Nj׵SE(gpX(~]мs4j;?&È8
l:OM7s^0,lPon;wadL̞07y)+V)8VE=;'ʯ1+T6h$l?k՜9a#)a2KWZ1	*uTX vaI	?5Gtkpef7?[x%'.~#&w~ĸ\G'/
&JL^3O@=^a9@/G|0m!	PϹ36aԴ
pnE"5?#=g.5ϻo$I=&}WVЋ7۩Udo4dm{ӬFد?؛Rc^,=f_;;=HHWXPS2}!1U^YLeY9̽?n0OƈE??e4.T?;Zjw>}o]CXiR=AYN0wo>Y42k뺱nr3oMiVX+7i:Ve4.6zKDVɚc{Y\1nΈb	?bj%Xqؒ=E!2ϊCp1\W-i+WJBSO$BేrFT%ݻAz KveJȺFnr3ㅜ7|B2}bL@GA!ũ87)OU:Z
/sM>wTSjBzyJ6	n&)Gd,"D?BqD;ڜGZ`70 OڐLE4M6nH,1DƖ&rOYrKt!, |ݬG:-6?}-^lQo0+>kWrKp-:yL,!tRښd״o/%Gƣasfg:2P[bm=7gh7v@"П,~3QA:9:YP};^>3t4}l:9JOw8kH;RȧEg;ڭ;ȱpvs/Ac2_ȍOߕ^nќ~[Pفk]՟\8TFK{mESv>+	5C{M@^0s$g'ũzJߖlVg76V.fC)=6c\C*h5f<f@ʽ{&>Iٱp+TPd״_C^ҿ{x?:fv|3^ۡoR5;{B斏[ιwBwk7KOY5!xF<>LA57%q疪6W=c	WnW&hFOrv7.QV͓ZaHwrf{݇鷨ܥ^)u{ea(d2DDHGɕ ijʯ
:z^KOIxqK+ۆNuI		S\b˵nj]AZ4?̋CMcD֞5u'v%?:!5lH	8e-81tWnT-@.EkŽ]qQ'
g]z>ɀ= I\Ã¡ݧ^w*2cqwVM0c
h1h,1pwdo-i/oÆ6z1+6iXdpV_#>E'w_>ep{CmcRd|-?n-28=]W/Ëʌmx\uu=:GZm Hnin<SڿH-RXzEd>J/K4OʫݤyV&5"BY%/v1G.B#o3R.͆)@@rY\:6-T+|᭔PDl[PHȞ_j̃btx/BjwT^izREg0szŘl5{'M'R'/IL[8!f vRiYhAZ4'QG<ү:jm({zlM`9Y_R%ttw6>"" )!pNP_khsa;\1ƀ1Q[kSj6FbT}֊jA!PƁD00ߚV'6XL7fr53"e¼&2(7)}_|ߤ\ϷM?zRw?ohL-䖷o+on(l,M-ovZ%bPpʌCVʍ51V9/qv0sbPcA}z<B
Yb˦(_s=U|!S)OorW	ZWgChQx2K?(IêB#ŗv6Jt¥GVvRzå]=sGOY4o\0Kj[^ۄxB4tC{0xv:ER4]<^6۵R"$	SrC鏖~5$
ŧа|6W_D3^PJ%~s\biU9iom/]ץS](t4[,$@= FL6NFmP9ge&7$L20_arA!sXAygs{DQr##buw9w6fIjgl4KF6fNۙ⌢lz$5]4EFg	Gǉ=P:۴ELþҀ*8J/Ρg?7/ %ҦM5Q_11ymQOp5պQ*;r}aB&9Q-r?xrL'!,N|"2<|-:B#Pk{QE˴eΒr.z(gԦpcUe	=p ]cۤ\gVI'0gF(~([{_JGU'
!`,\PEs~Rք`&š
eU5VZ61՝HT#\_KЫttOƋOH?Wd岮[|^|VN"-'
uvv{;9.pəŦDyj&5am\5)Lo&X)n[À>.H&"Hc1~aC>LbuAf;xD?&BPy@63Q8p#kEw_+^Ls[Mkv*[saPfhѩX|n_la<eX*{гw0QF4
܏|ʘz*[뷤Irʒ߷ߺ+w,ߌz[,OyRd̚ȟlʧeIl+x[pa}&y9?n>5>#}X-U{٧_߳KO~E_K+)sHߌiǪ˺s/>ҔvBu
	:(RzIeqs3l%48:
uJ-'DMŜ_^Dqp~!^TiD0$^a
#0XsL{`z}4P"iH@3HF]#Cد	"iqCo&j}-SAn!E;j/t$I^p8r"!X4~~Rx\{שS9<?MV2E^O}w44;b?D8ʞTZMˢ7'qx"WoӼ<r*N?q?/lYm57jZ|9q/v ]!kfJ/^ſe?ʛ|'{p]ɢe=2`B|!՞v_pHѩ2\Gt
Ϧ1ߗ1[៤>@FC?$I׿`ԌgNc՛&_\vM8IS[ly֜YECp-C^CyP
<C;O)2οYdx`}7<Ik#i:
C:<ϛ_g?TZS:.*&BזK\.ZZ,sdfK5=ELI$(l{3S6L!%#u4LRp(v#b.d]nL|~OJY&+ׯI[}RϧECM?E'-llu-;{@gƄbǓhJmTv'4]xz-'r'i_=)ciѥQsos<A1\~b3R}W+f,3ked:};@ԂE̓h{q pW!lN ")'Tb,>{fW?<yjs}$"82?~ܱA7JTBN1pKL/6(Z~0fYM`awL7șѤ;$љAqL]EK7.q-<6Q1sꗶٸ}LX(&Cٵ$#+Bx+^!6֎ڞNO47)8\{OL=2~}KzxPGZ8
^k3b|rVKƍϴKA/[[I{P^	rJ5eĐgF!/ZJ?/A2&uX8K|RK<?t]ً2	SX~p_w5R|&[=А9hUi;9s(&L^ܭÇ/QPy)?cDᴈt͍dqRS|-Y<."G?{a3e!XN'}~Rp]nG |dz*>4|%vW}@<{DKPNk9bI-q!>7B"A1챠Ӛoog?|gHnOu;:S]\`LN8ďԼ=Xr[s7Uʷ{]6Eej} WMnkߺQ^ REVcjWՖ[ɷJ<~Q*9^ޛ+SՑ(gAWԵ!ljxS*F"G!oݩ5{<R.([.n&I	'L2f~Qɹn؅]k ,S{t8@FY<o˝FJ(Lr3.ZObkjeSON(t$.Huw.?YJ^_4FQ#pbYd&#㟥H!Hܓ#HA⟐HqJΑ嚃\x\a!l L!%HK<y|nbǆ]&E-z'[>sI6 ߛ˂(G]`f_6t4HAŗ<kNC?5roZh-<k;@ÁȽ'>&3V^}@Ӗ/lbɬ3ssRo#6Ḋ)cܼekd47噺agi.W˵l%~^|]|5&Fgo(los/k?TX L%lݬ'ZR<3c~z17Bzj:;JۜʵgX:COGBzj,8T|]SF:sRHkM\HR>>S#U_nxDթߤХA1@v_#m@iMUC`8ÒzX	!k/w
Gr?V)*.O ᗾ?آ_l@Fg2V&JnjS:t憽z???5?xuf3RjmL\=߱1Cfn{O#8}(vhՐ]k~ f~E>N6I$^g/:D.(\~۴5ؿѾ76p[񚶝}!gDlV-EӁ/;//QO_՜P].OLrszB~G:qrf.œ\PڦEvsrYLKd~5{RzBsB2rUweDZd=<tYSy-Ww=[뎥_Lvz L)ƏJS8n9?%d\~3]P)W"_F&!NaW]a/@5jK\/-o\чCF?^bװ`#[ǻceiB%5[5oYǬpfpv'k;ه]6AIҗ i 17_wys/)ie1pHF?cӟ}cںa8Տ$/MOqyy*Gt?*VO.\h2Jm} l;qM}Bՙ<yLq}(K\2BX;ǘ8aߴANMKGIsLycDrz
!~-=dS	PÅy?O߇BB2#K'ġ6y쾗)wC+CN}(=PI'1-u#-'??N.n~dEΖmI׾N>j8o$rF\p8^cB{RF?잙rq]5tAG;@[w0Z?S+E$ATt^a&Kτݴ!<8Ʌn5]?xH?k͘Tv{OJknٕ\2{?~Ka̯cwX.m_K-\ 6ݴ10)4!G]elH&dhUg8r:gH&u)Pteҗʴ(zcDYˌ|iǅ
y`~e=^ȥ*UMVq#D3#-J{iC/TTb>tjN=VeLbsNJYb/!f_j=xh
[ZNpzc
мK^2HKŧn?=mUBrtsץ]23#PKCLlcJ7JD>)-ܛ,T[\:ZY9g,c"6G!g\Gc''	N#|4D|xu$; '@6\qr&#$G/vAԓE#z=ǫfm c4iJKVQb!nW5`8.X}&x?fng~[w{.='.nQ\<[׻^"L֐YVRʖv
%GM׫B۰J3ugV,>3r9J={y5H&Kg^[;~=.b8Oe3O6N}hŞ"U;>D@ul$
(aC!ZJW-ǹ-mOTǗ*ŚhQLhAb\ܥ_@g&)~sN9.50L^/vKRK!T^jѵ!)KJEJM&jjM O/(}9lp@Hy
@8rX4@c~@?	'-
CA"PFp2T
Q?&B$ca&xOcAoh_i"1kgɳx?oCfM&V.An6rsػ;_V}Wh&%ETۤXTXe&a.7qej&I01wwv
^c:_b,:3FHT%3A{u*[NJJc@.VŽ%=e"iq҆-Hot]@;+ŗ&J[*[N@t2)'мs֝|'$igeL~_IW^lf$ú6LSf$?W3PEe\Yݧ>,	M:K(>sしu]=E4VtHe4seVg5__/|TmCzsB^̥W:kvؾu^>ŝ{CJqU`p"IkFk~R*`
D#'#0@02@N^0 LRB&#4v0U5r2"SصqYLfX+5s3A ꧞$X75ƪ6~"qi:5㚓˰/0*\ᗨDʌrҁ!oSWLUȑ)T[=%HCU$e`jdY}@gU?iC[=
6O>CiLfdԚ7?S;^t	dy?!J$xǍ[B?ĺiKezsYҒ	K6}3_PBꑌ~E8mEwؕNc	uJ)_檘ERBp*+P>Zc&=>U,ϰ+w05Ivӕ=;1hW_1C~l^EAz;)#ab3ZFgmjVpeØ>Oz*3ZiڇmpwsIB][(W4GfWkX&ja7ַu&Ʉ9ͦZ{WܥLfS7aocX1e!جKb6}ԻWtpe,g>og-n5]Tuό1ZoQ5x|vq-/go]w	GYq-rM)w[^ox|`xx6.[ XLh8)'W$Xݙ-hvފrW4VxS8p=? !=KXas?s3ijԄXn`e	`ϖPC#^m`W%܁2D՟	+]]A16^&H#5REH:ZOb9@AjnJ"ȏwL1-vQ'vdeYEkA1ɭ10jz^Vk0BA(**1qljROAgtH&׀Rox{-
D#?|ϞtI'0o:A{_ft3S`x@e8Z]*
^T`0[K4Pͱ7SKOjzRSܴ{ a48@(l8lcP=nA6OZ\صW8R[1e#a._#m>64'2NrB$$R)sл~މ|] °c'NVYsMzyWdxӉ(s2<J`+DSM[Q矉vj>qK["MUY"	#Ce˹x#	k	/Ygˁ\1P0-Y>B#P%r	VMos*ubYNQyϿjmouWh~p#6)0)xST_:Jg>%+;aV^~-=@n6J0%ޭg亽oiJ"Ռn$W5rHQmz-!!<SKD{wtԦf.V@5f8Ŵm\XF'ڥ_I|/=($'|aqO1H%1DړIñП2iRf<CWvM\5AKbL	2AH=]ҜtFdo12+W_x!$j!R<oU#cӹv@nE{A򋂉:kD\wB)W>]P?hH9۵֞%3@-15'u86\VOǛ8TMglb\S[aL%:+FK(c?{B:LTKNh}(S'k0tseF(jYp[н0uݯ|V뷢w9U]Z󍺣-p~C"U~H#E!&1yajLJV~^9,LMmRgcUpϜVsF9{vwQAmĥЄuʠzRX1fkբro0!Ct\R^/04m^~փe(\0?K&eLRKYd'ko͌1^g"P7>B8e>ʏ9K.^ıc\,Uf=*)l+Im<fE0jA62*#EA"aN?Ҫ+&*JbYz@[jk^f_<y}THe9];BR|qke%$^}ylMVtDLm\p1w_mzN=4)N]Y_n|U#!0BVMJH5#
&`&~Bs|}Q4!ά8avoT%R괵u:-\zoS|?1pPaaSEq-HZ7ɀns*{Wp򮝖{1c4+-E^)aNF=q~o.WG)Wgh}IENDB`PK|]BXMETA-INF/manifest.xmlMn F9Ŷ2YU(NzQrb+N\Ub);~=ٝ{W &aU}Oۮ6Bk U96mX(J6IT=$IP6$16	<'n2>VTAp0&mW
:KyLvMmUMS!8ێBℚ="(GcGzZ'RF^:휰,|ZQ'K[	]|*'C]cK+ix͗Qm>sʺ$h݃۫İ_R6ߏPKP1,PK|]BXcontent.xml]mw6'{ΜY+nvwi;ǯg9GD$e_$ٵiEL-C<}#+-dˋW/ėHf|u:ۋ?Tm <I6e{pwߦke\%o%BMX+S{߮~|k&Ee|rTO(پz Zw?XF7qf;^Omqw<^l$Lef{R!Na'>$PlЧ@vv|?+J^[{l/^\;{xmH$wO]:[RSuA_Ls[ 4y<|	o3*7?doS"7d0q%ӷjE~9Ԭ5S'k=ay!;&k<
VrW»~r&_tq$'\=`++^s~+#PܿrrO؟"wG$L;'D;/K::3\JdAyP8y}ץ\ӽXV̅/~u`#磀g3=7//U"y7wm,//R|W{80.	d̒|)AlX{4=Z?1rC -t'Esx-]
24?协D|ߵ@,`fsCŗIb	qYp*\{Sv8M8x {|.^~cz
nܛoM[^|ְ?=܏ׯ^=k=(9_BTaÐYj?~~Ĺ#f"fѨzwrw,fÞH?w֏0Qf|ՔQR2fl tG446U2'EjM1o]G&e
ǽY=W,1E(!z0	`KUcQܑS
?e,Yg:=et0x/^?8.4"r <|3czr`ǄG,@b(\ګu[{I.s]ɛ\U,Fm<K9w?Ba)i,GϣiEe@c"j-P,C/:[nw\B8+XH隹UP*).˰\2fNC~1tRÁ9~و7VH|3 FHk\C<AU\?@|I#WD)_Ϫ5AjEFT~o7&Lb/0)gcg_@~W,ʹ":S0q_x.;x~y7"Iq'o$	#KQޗ/6x̞wE{d/$	㙗px!R|HޜO3u[Jݜ%6Ag`O=>ϼO<eByvmYO#9cI@\q\}r,(|4<wXB^E?'/^e<(\ys.x{s5㉿:&dI,{^35oJ
h`^[<̈́abT$8.{6py.5éT^j{,@'y<cRRm#Dke͑eJ:<9~yJ$c?wSħi8)Apx5'@33MC{JSEeW;^
lxI) KC{\ثr&?sLVu$fv`#+y\9@*?߂9t+43vћ[o{ގlXk,=Rᶁۀod9>Gv[o9ce8z}{_̸KAm7B;o\,Δ-Z<3BwtDHydc^iمv5A=d.a[5:ExRvYvуkIS;${4+efh٧h9䜌"bP%1"Ԟd|l󩑌 p+88hp-T~\t7=Sõ	a׍aФǦG$*jB\}]ZT	{3ޖ ܁	{Om,"G_ j>i۔%{yPp+	M<>*_L3J6 N'KVs1fda%pĴjzcc}(EF>q4PAq	Ikp,EVD'S/֡=gƫ(s#f]fRXZtX<q0'~SGOF
؁iDH=]Մ}˫gEhp!噁=2.9`02l!AZXPfvɣ0[D>Daj$]K7gAz>$:w
oaγ8IBXMl>`c߀Zf}&֨V@	+lMhmŀ)뒡'Xs$Bb%aSs,sR8+Mj6j02*1	Lsh>s>
f%EcDUތϺVͳBeQȶt:6i<ū;?(2aw5&|*T۞mIώvHgB]yǥ|V8K,'^F{jq>1Pq
y_R[`TH0cMmXY0Iʨ6YCTē	`*[Fc_Z(ܖ{]6sYV"M:##TE8~V(+-@IE-wx2ޔyM0vc%Cؽi
.ϼ2MP(e
8|nj0&[b}Mj&ybXX/TU536nyS2|&c,iz{ҢdPU=7}f%n9@ctwV)iNcNbũJrZ_S{PL2XC<
tf%D\Tǭ9,coBVcÉdꑽ6g5lK]x$wS:(N&ڻ(,h9L	lNL4ZQ1g08;Pk겈vǨaUwlvƹR.``l
4ؠ)b+B5'_HE&3TCæ),߱(jG`n4F&hR=3_`NEs&YeHb' 9cLfJ)lM&""6TK!l$tO?k	;bQ	j%_w׎9Y{7p2zdha\%7jI('xF5eVr(o=Jb\t?Ka&"7ZEK՜52L6Ȼc<dg>)uoӅ<F{21s#0T{޻HN3PlM`&ɳ޴)ޞy{<GgpGoeֹl_s1X9B!ק{\NņA9ȳ-s5](FSyKIt#=wLd&8O12wtp=h	8myLVE=- }#JX^t{>LL]JY1,%Uvk̑S@xlZEwdϹ;Q&lɉ;oX9	+)v]޿2p;f8xvSj{NMKpۛ?HK8#uGb=mϹs<lAeZ	y5:v5)nsP]qfL/n%N90udVAjO
rd9;)2Ga.{
b:(.qkJD5_Y쒭ZԕX4~fsƾ*n{Q56pR@W8y߹υ0R+?/98m}Ej!rJ=>`@^W׼FR\89fkxf;ol3X}!fBx?\4p`o^+f69|`B.}4g*d2k!S%YUsʀ9v9g*DtgeE\it16"(dݚ@tzOd3+MFAR2UG[1|VFK)CvIiYVwOWp8k8EVR	9mQ@wʁofI+%i:NM(+w-.}nhĭ%u8YlғQTا8=5p\/_k0<5GdkϹ3g.Y<V8ΓN*)TAJ[ESmȡrϙti~1jmJثM L=yN2R
VUC 7":޷uZ̃"v"~N%D27=p0q#3GʩfcʹϨJtV<h[g0c'8X0m.kVӆ&loo(|ꜳk)%2(JJ{(KE	@s,`E6}AɶHZ`>޺nϤt@Bx,}93[?MP	´yR[háDxXx:9
2 E[e4Wr0,A?<åW]70	ٴ@V-A%%,+)"pT]p:l;Q%9	LR#U2E+;f5wLݢ!)f*֊V +E[[{etXPAБ4*rnb)gi#)SYz'ea%cQ҈22,Qi3#@H\L>WjF(Bњ!#/2dXN3`{Lwl3kR0@x|o|MIҹ~mNa"jGE>3M?-?o%fv{Z~#7	hr{ǴYHu[FU1֛j	
>p:1g)*9%K^Me`JElTu/=s9MxȍGbkF	6-w$\Īa9;8`OxsL:Ĩ	9M6U\AI=>(5zf.]SRZZ6&bq]8w*Sɴ7U2&8V;P=n,;7(VRvDXt\qQg+tg#xwCpQy}ͅmy@+wev)O睂T)6lUU¶lNڬ@;XrMIG,*T33s4-52/cs']J[:_!];e~%e991aY>YRrWR']iZ4BWҹzrqu]eyhfňR8  ΅?DU6&"@
/ϝ,$=TU|j,kЋ5jͻ~mH]TdӖG}ub&-BmKSmkHɪ^<tʆ&_i爆`!uF3bf;0xZ.ahV5(\ݥ`>wAؠ!_K5/$@V}4m_0qMX$-w__s.ٛe1P05pv3܆:֫-h`K4	2Pz FF;0،*)*'LMsoD4n(=~(6LLi~%⢚Ir덄ZuUlqT=uZ%LTy]B?bwv/v0-	^'V='ENgPm243\x'PA@\S/pؑ:t56!w23rOٺ{s+'ǵ&lwB<IZM1ʱsʰwe
k萆l<>92&"\bǥoEw;_Zﶾ,%9L΅7G̳PYհrFxJMRʑ[*d<vRuQ{Y2#t`P1A11>{|Cx-)[,P|MKtR5`΢u<z++5N.=(nyO(%fbsۄ4by(baun&XJ齀g,ʂµDUN!n2i1rB;tNf'"[jL3XN-@ELS<']T0(0v$ES1RL&+Wd4ԉm?-H2y+gO~[m:R`vfơ9)ґM&( R5+aus512emaR3`)	3y$*om֛(v0} 4_^rA/p(9gtV0d;XdMѝCoĕ_N/6L矝p2?H{?!?NQi,e/ڄ]46yq>1V幸4	\k$,:GjL}1s˕|sv#.hdAڔY>t&zLI)H.Y£2uR.ތ"Rgr{:+!-u*əEDM`=3QN$1rfSpJU;l;Ҙ1M|g2.:;};>f<ZSlA~_itSE/Y3<Z9:=x+}b]mq}sbqM`w˪<Y񨾉_x3OYR-hvH|#ԡL(uFҮK{LMR
AIAҼ_\q?{Ret~y ~ûa(d2lS0s_qe^PyMɕvˈQ]t7LQz`L,]f!f9S	g Yr=R/MyQ`IlņvǶ!J즤a'a`BXIÀ5vxi%L,L܈la
'#UN+:_ii'r""gÃJ%E牏=H6hTwt[c)eC`}1:{ࡲ;98]0y]f̰bS&uRr?EC%#(ded-04(@|R*-yz[o0nIpSZU#Fb9Ql]8{o|)ev誱re(aͮ|M+i$)HuM:2s}@m2E@0힚<uv?Yp*2]'|A4[γe\qAEM&/%DL]WSNΓ`0bDO`\x9ftDՙugW9д+K`$JpCpÏ'Zwyqn}XKD4ZߤNF0|_w0`6-&?1~r30X<#mmSmnS'cN_DDyKbth9)6yi2r5w;=ܖ#{)e( mts*8gsW/܄~)icWJl#_O-2iy6@ֆ.8W(Y	n1I2TQ2]XEPJ̗^~#(y"\Ttʕ	L1/:aJ+͸!"rta7X[DyxS&ad^
.S&.	1E"QTFD.Sّ\&2^j@%E+i/;C#47cw_{)pý(p2#*y^/lâx:&c˴aqe-_2'8%[^*HTp>ny]i?Ek)w_%OT]3ndf\Y.Sq`$v-HguUL-E$GS]{Ec/.1`_;3 傩kz-zkT2{^6_b^f-I*KF檅<,ȋ.bZ0:j+!D.r]"{7l;|^Tp&qyi@s]{7hIJ49-u>{JPw?KE 3~ZH?{|{y^nJكU,6!-Z֕4+i̛w`w:2;*->޹!zaB-^xe*i¸Ok}Ywev"b8MX.ɨKlE07R/{4~QS/~˼]*w?E2ͯZ05xwƱ θ)iԍzoI
[	}uˬ|	H8%U i0v<B\O.t෬,OflFL5ԻLa$g32&[˅wE@eV	Ǳsl"Um pT
]ӧdɌwc]>L(=
Bf5b#P-`l|dYyeENG>ķVply|yeEfh-a^j02-,hIv[`4«F"baFCp"E3 GPK
%PK|]BXl9..mimetypePK|]BXTConfigurations2/toolbar/PK|]BXConfigurations2/floater/PK|]BXConfigurations2/menubar/PK|]BXConfigurations2/popupmenu/PK|]BX.Configurations2/accelerator/PK|]BXhConfigurations2/toolpanel/PK|]BXConfigurations2/progressbar/PK|]BXConfigurations2/statusbar/PK|]BXConfigurations2/images/Bitmaps/PK|]BXhOmanifest.rdfPK|]BXKmeta.xmlPK|]BXJqp'
cstyles.xmlPK|]BXx.H 5settings.xmlPK|]BXNm):):Thumbnails/thumbnail.pngPK|]BXP1,JMETA-INF/manifest.xmlPK|]BX
%pLcontent.xmlPKer